<section><title>mysql records</title>
	<section><title>creating records</title>
		<para>Use <command>insert</command><indexterm><primary>insert(mysql)</primary></indexterm> to enter data into the table. The screenshot shows an insert statement that inserts values depending on the position of the data in the statement.</para>
		<screen>
mysql> insert into country values ('BE','Belgium','11000000','Brussels');
Query OK, 1 row affected (0.03 sec)
		</screen>
		<para>Some administrators prefer to use uppercase for <command>sql</command><indexterm><primary>SQL</primary></indexterm> keywords. The mysql client accepts both.</para>
		<screen>
mysql> INSERT INTO country VALUES ('FR','France','65000000','Paris');
Query OK, 1 row affected (0.00 sec)
		</screen>
	</section>
	<section><title>viewing all records</title>
		<para>And finally an example of a simple <command>select</command><indexterm><primary>select(mysql)</primary></indexterm> query to look at the contents of a table.</para>
		<screen>
mysql> select * from country;
+-------------+---------+------------+-------------+
| countrycode | name    | population | capitalcity |
+-------------+---------+------------+-------------+
| BE          | Belgium |   11000000 | Brussels    | 
| FR          | France  |   65000000 | Paris       | 
+-------------+---------+------------+-------------+
2 rows in set (0.00 sec)
		</screen>
	</section>
	<section><title>updating records</title>
		<para>Consider the following <command>insert</command> statement. The capital of Spain is not Barcelona, it is Madrid.</para>
		<screen>
mysql> INSERT INTO country VALUES ('ES','Spain','46000000','Barcelona');
Query OK, 1 row affected (0.01 sec)
		</screen>
		<para>Using an <command>update</command><indexterm><primary>update(mysql)</primary></indexterm> statement, the record can be updated.</para>
		<screen>
mysql> update country set capitalcity='Madrid' where countrycode='ES';
Query OK, 1 row affected (0.00 sec)
Rows matched: 1  Changed: 1  Warnings: 0
		</screen>
	</section>
	<section><title>viewing selected records</title>
		<para>Using a <command>where</command> clause in a <command>select</command><indexterm><primary>select(mysql)</primary></indexterm> statement, you can specify which record(s) you want to see.</para>
		<screen>
mysql> select * from country where name='Spain';
+-------------+-------+------------+-------------+
| countrycode | name  | population | capitalcity |
+-------------+-------+------------+-------------+
| ES          | Spain |   46000000 | Madrid      | 
+-------------+-------+------------+-------------+
1 row in set (0.00 sec)
		</screen>
	</section>
	<section><title>deleting records</title>
		<para>You can use the <command>delete</command><indexterm><primary>delete(mysql)</primary></indexterm> to permanently remove a record from a table.</para>
		<screen>
mysql> delete from country where countrycode='ES';
Query OK, 1 row affected (0.00 sec)

mysql> select * from country where name='Spain';
Empty set (0.00 sec)
		</screen>
	</section>
</section>
